{
  "threshold": 0.6037550389766693,
  "config": {
    "model": {
      "autoencoder": {
        "encoding_dims": [
          14,
          7
        ],
        "dropout_rate": 0.1
      },
      "loss_prediction_module": {
        "hidden_dims": [
          64,
          32,
          16
        ],
        "dropout_rate": 0.2
      },
      "training": {
        "learning_rate": 0.001,
        "reconstruction_weight": 1.0,
        "lmp_weight": 0.1
      }
    },
    "training": {
      "epochs": 100,
      "batch_size": 32,
      "validation_split": 0.2,
      "early_stopping_patience": 10
    },
    "active_learning": {
      "strategy": "uncertainty",
      "samples_per_iteration": 50,
      "max_iterations": 5
    },
    "data": {
      "test_size": 0.2,
      "threshold_percentile": 95,
      "scale_features": true
    },
    "evaluation": {
      "cross_validation": false,
      "cv_folds": 5,
      "business_metrics": true
    }
  },
  "training_history": {
    "total_loss": [
      0.4612635374069214,
      0.4316083490848541,
      0.4263509213924408,
      0.42325860261917114,
      0.42193347215652466,
      0.42040857672691345,
      0.41979098320007324,
      0.41838976740837097,
      0.4180583357810974,
      0.4175844192504883,
      0.41717514395713806,
      0.41678932309150696,
      0.41711553931236267,
      0.4167018532752991,
      0.41702139377593994,
      0.41650840640068054,
      0.4164098799228668,
      0.4160647988319397,
      0.4160570502281189,
      0.4156859219074249
    ],
    "reconstruction_loss": [
      0.45215049386024475,
      0.42508870363235474,
      0.42081740498542786,
      0.41879209876060486,
      0.4176950752735138,
      0.41684067249298096,
      0.4163016080856323,
      0.4155331552028656,
      0.41519156098365784,
      0.41486871242523193,
      0.4147101938724518,
      0.4142533838748932,
      0.41469478607177734,
      0.41427093744277954,
      0.4144937992095947,
      0.41411420702934265,
      0.4141727089881897,
      0.4138478934764862,
      0.4138677716255188,
      0.4135029911994934
    ],
    "lmp_loss": [
      0.09113175421953201,
      0.06519754976034164,
      0.055337585508823395,
      0.04466057941317558,
      0.042384032160043716,
      0.03567807748913765,
      0.03489565849304199,
      0.02856644243001938,
      0.028665563091635704,
      0.027160951867699623,
      0.024643944576382637,
      0.025354936718940735,
      0.024207953363656998,
      0.02431412972509861,
      0.02527741715312004,
      0.02394406497478485,
      0.022373376414179802,
      0.022164814174175262,
      0.021888719871640205,
      0.021829703822731972
    ]
  },
  "model_architecture": {
    "input_dim": 30,
    "encoding_dims": [
      14,
      7
    ]
  },
  "save_timestamp": "2025-09-20T10:21:33.194143"
}